Timestamp,Stock,Price
2026-01-01,AAPL,245
2026-01-01,GOOGL,310
2026-01-01,MSFT,420
2026-01-01,AMZN,185
2026-01-01,TSLA,410
2026-01-02,AAPL,248
2026-01-02,GOOGL,315
2026-01-02,MSFT,425
2026-01-02,AMZN,188
2026-01-02,TSLA,418
2026-01-03,AAPL,251
2026-01-03,GOOGL,312
2026-01-03,MSFT,430
2026-01-03,AMZN,191
2026-01-03,TSLA,425
2026-01-04,AAPL,249
2026-01-04,GOOGL,320
2026-01-04,MSFT,428
2026-01-04,AMZN,194
2026-01-04,TSLA,421
2026-01-05,AAPL,255
2026-01-05,GOOGL,325
2026-01-05,MSFT,435
2026-01-05,AMZN,198
2026-01-05,TSLA,430
2026-01-06,AAPL,258
2026-01-06,GOOGL,330
2026-01-06,MSFT,440
2026-01-06,AMZN,200
2026-01-06,TSLA,438
2026-01-07,AAPL,260
2026-01-07,GOOGL,328
2026-01-07,MSFT,445
2026-01-07,AMZN,203
2026-01-07,TSLA,442
2026-01-08,AAPL,263
2026-01-08,GOOGL,335
2026-01-08,MSFT,448
2026-01-08,AMZN,205
2026-01-08,TSLA,450
2026-01-09,AAPL,266
2026-01-09,GOOGL,340
2026-01-09,MSFT,452
2026-01-09,AMZN,208
2026-01-09,TSLA,455
2026-01-10,AAPL,270
2026-01-10,GOOGL,345
2026-01-10,MSFT,455
2026-01-10,AMZN,210
2026-01-10,TSLA,460
