Date,Hashtag,Region,Category
2026-01-01,#AI,India,Technology
2026-01-02,#AI,USA,Technology
2026-01-03,#AI,UK,Technology
2026-01-04,#AI,Canada,Technology
2026-01-05,#AI,Australia,Technology
2026-01-06,#AI,India,Technology
2026-01-07,#AI,USA,Technology
2026-01-08,#AI,UK,Technology
2026-01-09,#AI,Canada,Technology
2026-01-10,#AI,Australia,Technology
2026-01-01,#AI,India,Technology
2026-01-02,#AI,USA,Technology
2026-01-03,#AI,UK,Technology
2026-01-04,#AI,Canada,Technology
2026-01-05,#AI,Australia,Technology
2026-01-06,#AI,India,Technology
2026-01-07,#AI,USA,Technology
2026-01-08,#AI,UK,Technology
2026-01-09,#AI,Canada,Technology
2026-01-10,#AI,Australia,Technology
2026-01-01,#AI,India,Technology
2026-01-02,#AI,USA,Technology
2026-01-03,#AI,UK,Technology
2026-01-04,#AI,Canada,Technology
2026-01-05,#AI,Australia,Technology
2026-01-06,#AI,India,Technology
2026-01-07,#AI,USA,Technology
2026-01-08,#AI,UK,Technology
2026-01-09,#AI,Canada,Technology
2026-01-10,#AI,Australia,Technology
2026-01-01,#AI,India,Technology
2026-01-02,#AI,USA,Technology
2026-01-03,#AI,UK,Technology
2026-01-04,#AI,Canada,Technology
2026-01-05,#AI,Australia,Technology
2026-01-06,#AI,India,Technology
2026-01-07,#AI,USA,Technology
2026-01-08,#AI,UK,Technology
2026-01-09,#AI,Canada,Technology
2026-01-10,#AI,Australia,Technology
2026-01-01,#AI,India,Technology
2026-01-02,#AI,USA,Technology
2026-01-03,#AI,UK,Technology
2026-01-04,#AI,Canada,Technology
2026-01-05,#AI,Australia,Technology
2026-01-06,#AI,India,Technology
2026-01-07,#AI,USA,Technology
2026-01-08,#AI,UK,Technology
2026-01-09,#AI,Canada,Technology
2026-01-10,#AI,Australia,Technology
2026-01-01,#AI,India,Technology
2026-01-02,#AI,USA,Technology
2026-01-03,#AI,UK,Technology
2026-01-04,#AI,Canada,Technology
2026-01-05,#AI,Australia,Technology
2026-01-06,#AI,India,Technology
2026-01-07,#AI,USA,Technology
2026-01-08,#AI,UK,Technology
2026-01-09,#AI,Canada,Technology
2026-01-10,#AI,Australia,Technology
2026-01-01,#AI,India,Technology
2026-01-02,#AI,USA,Technology
2026-01-03,#AI,UK,Technology
2026-01-04,#AI,Canada,Technology
2026-01-05,#AI,Australia,Technology
2026-01-06,#AI,India,Technology
2026-01-07,#AI,USA,Technology
2026-01-08,#AI,UK,Technology
2026-01-09,#AI,Canada,Technology
2026-01-10,#AI,Australia,Technology
2026-01-01,#AI,India,Technology
2026-01-02,#AI,USA,Technology
2026-01-03,#AI,UK,Technology
2026-01-04,#AI,Canada,Technology
2026-01-05,#AI,Australia,Technology
2026-01-01,#Technology,India,Technology
2026-01-02,#Technology,USA,Technology
2026-01-03,#Technology,UK,Technology
2026-01-04,#Technology,Canada,Technology
2026-01-05,#Technology,Australia,Technology
2026-01-06,#Technology,India,Technology
2026-01-07,#Technology,USA,Technology
2026-01-08,#Technology,UK,Technology
2026-01-09,#Technology,Canada,Technology
2026-01-10,#Technology,Australia,Technology
2026-01-01,#Technology,India,Technology
2026-01-02,#Technology,USA,Technology
2026-01-03,#Technology,UK,Technology
2026-01-04,#Technology,Canada,Technology
2026-01-05,#Technology,Australia,Technology
2026-01-06,#Technology,India,Technology
2026-01-07,#Technology,USA,Technology
2026-01-08,#Technology,UK,Technology
2026-01-09,#Technology,Canada,Technology
2026-01-10,#Technology,Australia,Technology
2026-01-01,#Technology,India,Technology
2026-01-02,#Technology,USA,Technology
2026-01-03,#Technology,UK,Technology
2026-01-04,#Technology,Canada,Technology
2026-01-05,#Technology,Australia,Technology
2026-01-06,#Technology,India,Technology
2026-01-07,#Technology,USA,Technology
2026-01-08,#Technology,UK,Technology
2026-01-09,#Technology,Canada,Technology
2026-01-10,#Technology,Australia,Technology
2026-01-01,#Technology,India,Technology
2026-01-02,#Technology,USA,Technology
2026-01-03,#Technology,UK,Technology
2026-01-04,#Technology,Canada,Technology
2026-01-05,#Technology,Australia,Technology
2026-01-06,#Technology,India,Technology
2026-01-07,#Technology,USA,Technology
2026-01-08,#Technology,UK,Technology
2026-01-09,#Technology,Canada,Technology
2026-01-10,#Technology,Australia,Technology
2026-01-01,#Technology,India,Technology
2026-01-02,#Technology,USA,Technology
2026-01-03,#Technology,UK,Technology
2026-01-04,#Technology,Canada,Technology
2026-01-05,#Technology,Australia,Technology
2026-01-06,#Technology,India,Technology
2026-01-07,#Technology,USA,Technology
2026-01-08,#Technology,UK,Technology
2026-01-09,#Technology,Canada,Technology
2026-01-10,#Technology,Australia,Technology
2026-01-01,#Technology,India,Technology
2026-01-02,#Technology,USA,Technology
2026-01-03,#Technology,UK,Technology
2026-01-04,#Technology,Canada,Technology
2026-01-05,#Technology,Australia,Technology
2026-01-01,#MachineLearning,India,Technology
2026-01-02,#MachineLearning,USA,Technology
2026-01-03,#MachineLearning,UK,Technology
2026-01-04,#MachineLearning,Canada,Technology
2026-01-05,#MachineLearning,Australia,Technology
2026-01-06,#MachineLearning,India,Technology
2026-01-07,#MachineLearning,USA,Technology
2026-01-08,#MachineLearning,UK,Technology
2026-01-09,#MachineLearning,Canada,Technology
2026-01-10,#MachineLearning,Australia,Technology
2026-01-01,#MachineLearning,India,Technology
2026-01-02,#MachineLearning,USA,Technology
2026-01-03,#MachineLearning,UK,Technology
2026-01-04,#MachineLearning,Canada,Technology
2026-01-05,#MachineLearning,Australia,Technology
2026-01-06,#MachineLearning,India,Technology
2026-01-07,#MachineLearning,USA,Technology
2026-01-08,#MachineLearning,UK,Technology
2026-01-09,#MachineLearning,Canada,Technology
2026-01-10,#MachineLearning,Australia,Technology
2026-01-01,#MachineLearning,India,Technology
2026-01-02,#MachineLearning,USA,Technology
2026-01-03,#MachineLearning,UK,Technology
2026-01-04,#MachineLearning,Canada,Technology
2026-01-05,#MachineLearning,Australia,Technology
2026-01-06,#MachineLearning,India,Technology
2026-01-07,#MachineLearning,USA,Technology
2026-01-08,#MachineLearning,UK,Technology
2026-01-09,#MachineLearning,Canada,Technology
2026-01-10,#MachineLearning,Australia,Technology
2026-01-01,#MachineLearning,India,Technology
2026-01-02,#MachineLearning,USA,Technology
2026-01-03,#MachineLearning,UK,Technology
2026-01-04,#MachineLearning,Canada,Technology
2026-01-05,#MachineLearning,Australia,Technology
2026-01-06,#MachineLearning,India,Technology
2026-01-07,#MachineLearning,USA,Technology
2026-01-08,#MachineLearning,UK,Technology
2026-01-09,#MachineLearning,Canada,Technology
2026-01-10,#MachineLearning,Australia,Technology
2026-01-01,#MachineLearning,India,Technology
2026-01-02,#MachineLearning,USA,Technology
2026-01-03,#MachineLearning,UK,Technology
2026-01-04,#MachineLearning,Canada,Technology
2026-01-05,#MachineLearning,Australia,Technology
2026-01-01,#DataScience,India,Technology
2026-01-02,#DataScience,USA,Technology
2026-01-03,#DataScience,UK,Technology
2026-01-04,#DataScience,Canada,Technology
2026-01-05,#DataScience,Australia,Technology
2026-01-06,#DataScience,India,Technology
2026-01-07,#DataScience,USA,Technology
2026-01-08,#DataScience,UK,Technology
2026-01-09,#DataScience,Canada,Technology
2026-01-10,#DataScience,Australia,Technology
2026-01-01,#DataScience,India,Technology
2026-01-02,#DataScience,USA,Technology
2026-01-03,#DataScience,UK,Technology
2026-01-04,#DataScience,Canada,Technology
2026-01-05,#DataScience,Australia,Technology
2026-01-06,#DataScience,India,Technology
2026-01-07,#DataScience,USA,Technology
2026-01-08,#DataScience,UK,Technology
2026-01-09,#DataScience,Canada,Technology
2026-01-10,#DataScience,Australia,Technology
2026-01-01,#DataScience,India,Technology
2026-01-02,#DataScience,USA,Technology
2026-01-03,#DataScience,UK,Technology
2026-01-04,#DataScience,Canada,Technology
2026-01-05,#DataScience,Australia,Technology
2026-01-06,#DataScience,India,Technology
2026-01-07,#DataScience,USA,Technology
2026-01-08,#DataScience,UK,Technology
2026-01-09,#DataScience,Canada,Technology
2026-01-10,#DataScience,Australia,Technology
2026-01-01,#DataScience,India,Technology
2026-01-02,#DataScience,USA,Technology
2026-01-03,#DataScience,UK,Technology
2026-01-04,#DataScience,Canada,Technology
2026-01-05,#DataScience,Australia,Technology
2026-01-06,#DataScience,India,Technology
2026-01-07,#DataScience,USA,Technology
2026-01-08,#DataScience,UK,Technology
2026-01-09,#DataScience,Canada,Technology
2026-01-10,#DataScience,Australia,Technology
2026-01-01,#CloudComputing,India,Technology
2026-01-02,#CloudComputing,USA,Technology
2026-01-03,#CloudComputing,UK,Technology
2026-01-04,#CloudComputing,Canada,Technology
2026-01-05,#CloudComputing,Australia,Technology
2026-01-06,#CloudComputing,India,Technology
2026-01-07,#CloudComputing,USA,Technology
2026-01-08,#CloudComputing,UK,Technology
2026-01-09,#CloudComputing,Canada,Technology
2026-01-10,#CloudComputing,Australia,Technology
2026-01-01,#CloudComputing,India,Technology
2026-01-02,#CloudComputing,USA,Technology
2026-01-03,#CloudComputing,UK,Technology
2026-01-04,#CloudComputing,Canada,Technology
2026-01-05,#CloudComputing,Australia,Technology
2026-01-06,#CloudComputing,India,Technology
2026-01-07,#CloudComputing,USA,Technology
2026-01-08,#CloudComputing,UK,Technology
2026-01-09,#CloudComputing,Canada,Technology
2026-01-10,#CloudComputing,Australia,Technology
2026-01-01,#CloudComputing,India,Technology
2026-01-02,#CloudComputing,USA,Technology
2026-01-03,#CloudComputing,UK,Technology
2026-01-04,#CloudComputing,Canada,Technology
2026-01-05,#CloudComputing,Australia,Technology
2026-01-06,#CloudComputing,India,Technology
2026-01-07,#CloudComputing,USA,Technology
2026-01-08,#CloudComputing,UK,Technology
2026-01-09,#CloudComputing,Canada,Technology
2026-01-10,#CloudComputing,Australia,Technology
2026-01-01,#CloudComputing,India,Technology
2026-01-02,#CloudComputing,USA,Technology
2026-01-03,#CloudComputing,UK,Technology
2026-01-04,#CloudComputing,Canada,Technology
2026-01-05,#CloudComputing,Australia,Technology
2026-01-01,#Cricket,India,Sports
2026-01-02,#Cricket,USA,Sports
2026-01-03,#Cricket,UK,Sports
2026-01-04,#Cricket,Canada,Sports
2026-01-05,#Cricket,Australia,Sports
2026-01-06,#Cricket,India,Sports
2026-01-07,#Cricket,USA,Sports
2026-01-08,#Cricket,UK,Sports
2026-01-09,#Cricket,Canada,Sports
2026-01-10,#Cricket,Australia,Sports
2026-01-01,#Cricket,India,Sports
2026-01-02,#Cricket,USA,Sports
2026-01-03,#Cricket,UK,Sports
2026-01-04,#Cricket,Canada,Sports
2026-01-05,#Cricket,Australia,Sports
2026-01-06,#Cricket,India,Sports
2026-01-07,#Cricket,USA,Sports
2026-01-08,#Cricket,UK,Sports
2026-01-09,#Cricket,Canada,Sports
2026-01-10,#Cricket,Australia,Sports
2026-01-01,#Cricket,India,Sports
2026-01-02,#Cricket,USA,Sports
2026-01-03,#Cricket,UK,Sports
2026-01-04,#Cricket,Canada,Sports
2026-01-05,#Cricket,Australia,Sports
2026-01-06,#Cricket,India,Sports
2026-01-07,#Cricket,USA,Sports
2026-01-08,#Cricket,UK,Sports
2026-01-09,#Cricket,Canada,Sports
2026-01-10,#Cricket,Australia,Sports
2026-01-01,#Cricket,India,Sports
2026-01-02,#Cricket,USA,Sports
2026-01-03,#Cricket,UK,Sports
2026-01-04,#Cricket,Canada,Sports
2026-01-05,#Cricket,Australia,Sports
2026-01-06,#Cricket,India,Sports
2026-01-07,#Cricket,USA,Sports
2026-01-08,#Cricket,UK,Sports
2026-01-09,#Cricket,Canada,Sports
2026-01-10,#Cricket,Australia,Sports
2026-01-01,#Cricket,India,Sports
2026-01-02,#Cricket,USA,Sports
2026-01-03,#Cricket,UK,Sports
2026-01-04,#Cricket,Canada,Sports
2026-01-05,#Cricket,Australia,Sports
2026-01-06,#Cricket,India,Sports
2026-01-07,#Cricket,USA,Sports
2026-01-08,#Cricket,UK,Sports
2026-01-09,#Cricket,Canada,Sports
2026-01-10,#Cricket,Australia,Sports
2026-01-01,#Football,India,Sports
2026-01-02,#Football,USA,Sports
2026-01-03,#Football,UK,Sports
2026-01-04,#Football,Canada,Sports
2026-01-05,#Football,Australia,Sports
2026-01-06,#Football,India,Sports
2026-01-07,#Football,USA,Sports
2026-01-08,#Football,UK,Sports
2026-01-09,#Football,Canada,Sports
2026-01-10,#Football,Australia,Sports
2026-01-01,#Football,India,Sports
2026-01-02,#Football,USA,Sports
2026-01-03,#Football,UK,Sports
2026-01-04,#Football,Canada,Sports
2026-01-05,#Football,Australia,Sports
2026-01-06,#Football,India,Sports
2026-01-07,#Football,USA,Sports
2026-01-08,#Football,UK,Sports
2026-01-09,#Football,Canada,Sports
2026-01-10,#Football,Australia,Sports
2026-01-01,#Football,India,Sports
2026-01-02,#Football,USA,Sports
2026-01-03,#Football,UK,Sports
2026-01-04,#Football,Canada,Sports
2026-01-05,#Football,Australia,Sports
2026-01-06,#Football,India,Sports
2026-01-07,#Football,USA,Sports
2026-01-08,#Football,UK,Sports
2026-01-09,#Football,Canada,Sports
2026-01-10,#Football,Australia,Sports
2026-01-01,#Football,India,Sports
2026-01-02,#Football,USA,Sports
2026-01-03,#Football,UK,Sports
2026-01-04,#Football,Canada,Sports
2026-01-05,#Football,Australia,Sports
2026-01-06,#Football,India,Sports
2026-01-07,#Football,USA,Sports
2026-01-08,#Football,UK,Sports
2026-01-09,#Football,Canada,Sports
2026-01-10,#Football,Australia,Sports
2026-01-01,#Olympics,India,Sports
2026-01-02,#Olympics,USA,Sports
2026-01-03,#Olympics,UK,Sports
2026-01-04,#Olympics,Canada,Sports
2026-01-05,#Olympics,Australia,Sports
2026-01-06,#Olympics,India,Sports
2026-01-07,#Olympics,USA,Sports
2026-01-08,#Olympics,UK,Sports
2026-01-09,#Olympics,Canada,Sports
2026-01-10,#Olympics,Australia,Sports
2026-01-01,#Olympics,India,Sports
2026-01-02,#Olympics,USA,Sports
2026-01-03,#Olympics,UK,Sports
2026-01-04,#Olympics,Canada,Sports
2026-01-05,#Olympics,Australia,Sports
2026-01-06,#Olympics,India,Sports
2026-01-07,#Olympics,USA,Sports
2026-01-08,#Olympics,UK,Sports
2026-01-09,#Olympics,Canada,Sports
2026-01-10,#Olympics,Australia,Sports
2026-01-01,#Olympics,India,Sports
2026-01-02,#Olympics,USA,Sports
2026-01-03,#Olympics,UK,Sports
2026-01-04,#Olympics,Canada,Sports
2026-01-05,#Olympics,Australia,Sports
2026-01-01,#Sports,India,Sports
2026-01-02,#Sports,USA,Sports
2026-01-03,#Sports,UK,Sports
2026-01-04,#Sports,Canada,Sports
2026-01-05,#Sports,Australia,Sports
2026-01-06,#Sports,India,Sports
2026-01-07,#Sports,USA,Sports
2026-01-08,#Sports,UK,Sports
2026-01-09,#Sports,Canada,Sports
2026-01-10,#Sports,Australia,Sports
2026-01-01,#Sports,India,Sports
2026-01-02,#Sports,USA,Sports
2026-01-03,#Sports,UK,Sports
2026-01-04,#Sports,Canada,Sports
2026-01-05,#Sports,Australia,Sports
2026-01-06,#Sports,India,Sports
2026-01-07,#Sports,USA,Sports
2026-01-08,#Sports,UK,Sports
2026-01-09,#Sports,Canada,Sports
2026-01-10,#Sports,Australia,Sports
2026-01-01,#Sports,India,Sports
2026-01-02,#Sports,USA,Sports
2026-01-03,#Sports,UK,Sports
2026-01-04,#Sports,Canada,Sports
2026-01-05,#Sports,Australia,Sports
2026-01-06,#Sports,India,Sports
2026-01-07,#Sports,USA,Sports
2026-01-08,#Sports,UK,Sports
2026-01-09,#Sports,Canada,Sports
2026-01-10,#Sports,Australia,Sports
2026-01-01,#Movies,India,Entertainment
2026-01-02,#Movies,USA,Entertainment
2026-01-03,#Movies,UK,Entertainment
2026-01-04,#Movies,Canada,Entertainment
2026-01-05,#Movies,Australia,Entertainment
2026-01-06,#Movies,India,Entertainment
2026-01-07,#Movies,USA,Entertainment
2026-01-08,#Movies,UK,Entertainment
2026-01-09,#Movies,Canada,Entertainment
2026-01-10,#Movies,Australia,Entertainment
2026-01-01,#Movies,India,Entertainment
2026-01-02,#Movies,USA,Entertainment
2026-01-03,#Movies,UK,Entertainment
2026-01-04,#Movies,Canada,Entertainment
2026-01-05,#Movies,Australia,Entertainment
2026-01-06,#Movies,India,Entertainment
2026-01-07,#Movies,USA,Entertainment
2026-01-08,#Movies,UK,Entertainment
2026-01-09,#Movies,Canada,Entertainment
2026-01-10,#Movies,Australia,Entertainment
2026-01-01,#Movies,India,Entertainment
2026-01-02,#Movies,USA,Entertainment
2026-01-03,#Movies,UK,Entertainment
2026-01-04,#Movies,Canada,Entertainment
2026-01-05,#Movies,Australia,Entertainment
2026-01-06,#Movies,India,Entertainment
2026-01-07,#Movies,USA,Entertainment
2026-01-08,#Movies,UK,Entertainment
2026-01-09,#Movies,Canada,Entertainment
2026-01-10,#Movies,Australia,Entertainment
2026-01-01,#Movies,India,Entertainment
2026-01-02,#Movies,USA,Entertainment
2026-01-03,#Movies,UK,Entertainment
2026-01-04,#Movies,Canada,Entertainment
2026-01-05,#Movies,Australia,Entertainment
2026-01-01,#Music,India,Entertainment
2026-01-02,#Music,USA,Entertainment
2026-01-03,#Music,UK,Entertainment
2026-01-04,#Music,Canada,Entertainment
2026-01-05,#Music,Australia,Entertainment
2026-01-06,#Music,India,Entertainment
2026-01-07,#Music,USA,Entertainment
2026-01-08,#Music,UK,Entertainment
2026-01-09,#Music,Canada,Entertainment
2026-01-10,#Music,Australia,Entertainment
2026-01-01,#Music,India,Entertainment
2026-01-02,#Music,USA,Entertainment
2026-01-03,#Music,UK,Entertainment
2026-01-04,#Music,Canada,Entertainment
2026-01-05,#Music,Australia,Entertainment
2026-01-06,#Music,India,Entertainment
2026-01-07,#Music,USA,Entertainment
2026-01-08,#Music,UK,Entertainment
2026-01-09,#Music,Canada,Entertainment
2026-01-10,#Music,Australia,Entertainment
2026-01-01,#Music,India,Entertainment
2026-01-02,#Music,USA,Entertainment
2026-01-03,#Music,UK,Entertainment
2026-01-04,#Music,Canada,Entertainment
2026-01-05,#Music,Australia,Entertainment
2026-01-06,#Music,India,Entertainment
2026-01-07,#Music,USA,Entertainment
2026-01-08,#Music,UK,Entertainment
2026-01-09,#Music,Canada,Entertainment
2026-01-10,#Music,Australia,Entertainment
2026-01-01,#Bollywood,India,Entertainment
2026-01-02,#Bollywood,USA,Entertainment
2026-01-03,#Bollywood,UK,Entertainment
2026-01-04,#Bollywood,Canada,Entertainment
2026-01-05,#Bollywood,Australia,Entertainment
2026-01-06,#Bollywood,India,Entertainment
2026-01-07,#Bollywood,USA,Entertainment
2026-01-08,#Bollywood,UK,Entertainment
2026-01-09,#Bollywood,Canada,Entertainment
2026-01-10,#Bollywood,Australia,Entertainment
2026-01-01,#Bollywood,India,Entertainment
2026-01-02,#Bollywood,USA,Entertainment
2026-01-03,#Bollywood,UK,Entertainment
2026-01-04,#Bollywood,Canada,Entertainment
2026-01-05,#Bollywood,Australia,Entertainment
2026-01-06,#Bollywood,India,Entertainment
2026-01-07,#Bollywood,USA,Entertainment
2026-01-08,#Bollywood,UK,Entertainment
2026-01-09,#Bollywood,Canada,Entertainment
2026-01-10,#Bollywood,Australia,Entertainment
2026-01-01,#Bollywood,India,Entertainment
2026-01-02,#Bollywood,USA,Entertainment
2026-01-03,#Bollywood,UK,Entertainment
2026-01-04,#Bollywood,Canada,Entertainment
2026-01-05,#Bollywood,Australia,Entertainment
2026-01-01,#Gaming,India,Entertainment
2026-01-02,#Gaming,USA,Entertainment
2026-01-03,#Gaming,UK,Entertainment
2026-01-04,#Gaming,Canada,Entertainment
2026-01-05,#Gaming,Australia,Entertainment
2026-01-06,#Gaming,India,Entertainment
2026-01-07,#Gaming,USA,Entertainment
2026-01-08,#Gaming,UK,Entertainment
2026-01-09,#Gaming,Canada,Entertainment
2026-01-10,#Gaming,Australia,Entertainment
2026-01-01,#Gaming,India,Entertainment
2026-01-02,#Gaming,USA,Entertainment
2026-01-03,#Gaming,UK,Entertainment
2026-01-04,#Gaming,Canada,Entertainment
2026-01-05,#Gaming,Australia,Entertainment
2026-01-06,#Gaming,India,Entertainment
2026-01-07,#Gaming,USA,Entertainment
2026-01-08,#Gaming,UK,Entertainment
2026-01-09,#Gaming,Canada,Entertainment
2026-01-10,#Gaming,Australia,Entertainment
2026-01-01,#Business,India,Business
2026-01-02,#Business,USA,Business
2026-01-03,#Business,UK,Business
2026-01-04,#Business,Canada,Business
2026-01-05,#Business,Australia,Business
2026-01-06,#Business,India,Business
2026-01-07,#Business,USA,Business
2026-01-08,#Business,UK,Business
2026-01-09,#Business,Canada,Business
2026-01-10,#Business,Australia,Business
2026-01-01,#Business,India,Business
2026-01-02,#Business,USA,Business
2026-01-03,#Business,UK,Business
2026-01-04,#Business,Canada,Business
2026-01-05,#Business,Australia,Business
2026-01-06,#Business,India,Business
2026-01-07,#Business,USA,Business
2026-01-08,#Business,UK,Business
2026-01-09,#Business,Canada,Business
2026-01-10,#Business,Australia,Business
2026-01-01,#Business,India,Business
2026-01-02,#Business,USA,Business
2026-01-03,#Business,UK,Business
2026-01-04,#Business,Canada,Business
2026-01-05,#Business,Australia,Business
2026-01-01,#Startups,India,Business
2026-01-02,#Startups,USA,Business
2026-01-03,#Startups,UK,Business
2026-01-04,#Startups,Canada,Business
2026-01-05,#Startups,Australia,Business
2026-01-06,#Startups,India,Business
2026-01-07,#Startups,USA,Business
2026-01-08,#Startups,UK,Business
2026-01-09,#Startups,Canada,Business
2026-01-10,#Startups,Australia,Business
2026-01-01,#Startups,India,Business
2026-01-02,#Startups,USA,Business
2026-01-03,#Startups,UK,Business
2026-01-04,#Startups,Canada,Business
2026-01-05,#Startups,Australia,Business
2026-01-06,#Startups,India,Business
2026-01-07,#Startups,USA,Business
2026-01-08,#Startups,UK,Business
2026-01-09,#Startups,Canada,Business
2026-01-10,#Startups,Australia,Business
2026-01-01,#Marketing,India,Business
2026-01-02,#Marketing,USA,Business
2026-01-03,#Marketing,UK,Business
2026-01-04,#Marketing,Canada,Business
2026-01-05,#Marketing,Australia,Business
2026-01-06,#Marketing,India,Business
2026-01-07,#Marketing,USA,Business
2026-01-08,#Marketing,UK,Business
2026-01-09,#Marketing,Canada,Business
2026-01-10,#Marketing,Australia,Business
2026-01-01,#Marketing,India,Business
2026-01-02,#Marketing,USA,Business
2026-01-03,#Marketing,UK,Business
2026-01-04,#Marketing,Canada,Business
2026-01-05,#Marketing,Australia,Business
2026-01-06,#Marketing,India,Business
2026-01-07,#Marketing,USA,Business
2026-01-08,#Marketing,UK,Business
2026-01-09,#Marketing,Canada,Business
2026-01-10,#Marketing,Australia,Business
2026-01-01,#Marketing,India,Business
2026-01-02,#Marketing,USA,Business
2026-01-03,#Marketing,UK,Business
2026-01-04,#Marketing,Canada,Business
2026-01-05,#Marketing,Australia,Business
2026-01-06,#Marketing,India,Business
2026-01-07,#Marketing,USA,Business
2026-01-08,#Marketing,UK,Business
2026-01-09,#Marketing,Canada,Business
2026-01-10,#Marketing,Australia,Business
2026-01-01,#Marketing,India,Business
2026-01-02,#Marketing,USA,Business
2026-01-03,#Marketing,UK,Business
2026-01-04,#Marketing,Canada,Business
2026-01-05,#Marketing,Australia,Business
2026-01-06,#Marketing,India,Business
2026-01-07,#Marketing,USA,Business
2026-01-08,#Marketing,UK,Business
2026-01-09,#Marketing,Canada,Business
2026-01-10,#Marketing,Australia,Business
2026-01-01,#Marketing,India,Business
2026-01-02,#Marketing,USA,Business
2026-01-03,#Marketing,UK,Business
2026-01-04,#Marketing,Canada,Business
2026-01-05,#Marketing,Australia,Business
2026-01-06,#Marketing,India,Business
2026-01-07,#Marketing,USA,Business
2026-01-08,#Marketing,UK,Business
2026-01-09,#Marketing,Canada,Business
2026-01-10,#Marketing,Australia,Business
2026-01-01,#Marketing,India,Business
2026-01-02,#Marketing,USA,Business
2026-01-03,#Marketing,UK,Business
2026-01-04,#Marketing,Canada,Business
2026-01-05,#Marketing,Australia,Business
2026-01-06,#Marketing,India,Business
2026-01-07,#Marketing,USA,Business
2026-01-08,#Marketing,UK,Business
2026-01-09,#Marketing,Canada,Business
2026-01-10,#Marketing,Australia,Business
2026-01-01,#Marketing,India,Business
2026-01-02,#Marketing,USA,Business
2026-01-01,#Innovation,India,Technology
2026-01-02,#Innovation,USA,Technology
2026-01-03,#Innovation,UK,Technology
2026-01-04,#Innovation,Canada,Technology
2026-01-05,#Innovation,Australia,Technology
2026-01-06,#Innovation,India,Technology
2026-01-07,#Innovation,USA,Technology
2026-01-08,#Innovation,UK,Technology
2026-01-09,#Innovation,Canada,Technology
2026-01-10,#Innovation,Australia,Technology
2026-01-01,#Innovation,India,Technology
2026-01-02,#Innovation,USA,Technology
2026-01-03,#Innovation,UK,Technology
2026-01-04,#Innovation,Canada,Technology
2026-01-05,#Innovation,Australia,Technology
2026-01-06,#Innovation,India,Technology
2026-01-07,#Innovation,USA,Technology
2026-01-08,#Innovation,UK,Technology
2026-01-09,#Innovation,Canada,Technology
2026-01-10,#Innovation,Australia,Technology
2026-01-01,#Innovation,India,Technology
2026-01-02,#Innovation,USA,Technology
2026-01-03,#Innovation,UK,Technology
2026-01-01,#Entertainment,India,Entertainment
2026-01-02,#Entertainment,USA,Entertainment
2026-01-03,#Entertainment,UK,Entertainment
2026-01-04,#Entertainment,Canada,Entertainment
2026-01-05,#Entertainment,Australia,Entertainment
2026-01-06,#Entertainment,India,Entertainment
2026-01-07,#Entertainment,USA,Entertainment
2026-01-08,#Entertainment,UK,Entertainment
2026-01-09,#Entertainment,Canada,Entertainment
2026-01-10,#Entertainment,Australia,Entertainment
2026-01-01,#Entertainment,India,Entertainment
2026-01-02,#Entertainment,USA,Entertainment
2026-01-03,#Entertainment,UK,Entertainment
2026-01-04,#Entertainment,Canada,Entertainment
2026-01-05,#Entertainment,Australia,Entertainment
