OrderID,OrderDate,Product,Category,Quantity,Price,City,Discount
1001,2026-01-05,Laptop,Electronics,2,55000,Ahmedabad,10
1002,2026-01-08,Smartphone,Electronics,3,30000,Vadodara,5
1003,2026-01-12,Headphones,Electronics,5,2500,Surat,10
1004,2026-01-18,T-Shirt,Fashion,8,800,Ahmedabad,5
1005,2026-01-22,Jeans,Fashion,5,1800,Mumbai,10
1006,2026-02-03,Shoes,Fashion,6,2500,Vadodara,15
1007,2026-02-07,Sofa,Home,2,22000,Ahmedabad,10
1008,2026-02-11,Blender,Home,4,4500,Surat,5
1009,2026-02-15,Coffee Maker,Home,3,6000,Rajkot,10
1010,2026-02-20,Rice,Grocery,15,900,Mumbai,5
1011,2026-02-25,Cooking Oil,Grocery,12,1400,Ahmedabad,5
1012,2026-03-02,Snacks,Grocery,20,300,Vadodara,10
1013,2026-03-06,Cricket Bat,Sports,4,3500,Surat,10
1014,2026-03-10,Football,Sports,7,1200,Mumbai,5
1015,2026-03-15,Sports Shoes,Sports,5,2800,Rajkot,15
1016,2026-03-18,Tablet,Electronics,4,18000,Ahmedabad,10
1017,2026-03-21,Smartwatch,Electronics,6,5000,Vadodara,5
1018,2026-03-24,Jacket,Fashion,3,3200,Surat,10
1019,2026-03-27,Bed,Home,2,28000,Mumbai,15
1020,2026-03-30,Groceries Pack,Grocery,10,1500,Rajkot,5
