CustomerID,Date,Amount
1,2026-01-29,320.05
1,2026-03-12,1375.48
1,2026-02-05,3735.06
1,2026-06-23,3755.21
1,2026-05-20,617.31
1,2026-04-19,352.56
1,2026-01-24,1249.46
1,2026-05-10,3089.69
1,2026-05-24,1154.42
1,2026-06-16,3566.36
1,2026-04-18,1258.11
1,2026-05-31,1535.32
1,2026-01-02,3842.28
1,2026-02-10,3551.07
1,2026-03-29,1533.78
1,2026-02-25,4794.62
1,2026-03-28,690.61
1,2026-04-08,664.24
1,2026-03-30,3097.88
1,2026-01-12,3702.71
1,2026-05-18,799.17
1,2026-04-07,578.24
1,2026-03-17,4181.14
1,2026-06-08,4450.17
1,2026-04-03,2971.29
2,2026-01-18,419.96
2,2026-02-28,3910.73
2,2026-01-21,4305.53
2,2026-01-26,2024.61
2,2026-04-27,3251.29
2,2026-04-04,980.74
2,2026-04-01,1205.63
2,2026-03-10,3568.74
2,2026-06-24,3310.57
2,2026-06-05,3247.9
2,2026-05-17,3699.81
2,2026-02-11,2418.85
2,2026-03-11,4949.71
2,2026-06-13,3503.18
2,2026-02-26,3486.15
2,2026-01-15,1299.43
2,2026-01-09,4064.22
2,2026-04-13,1485.16
2,2026-02-24,4583.05
2,2026-05-26,4406.56
2,2026-03-22,1220.61
2,2026-05-08,2099.03
2,2026-06-14,2402.49
2,2026-03-09,870.23
2,2026-05-24,2787.09
2,2026-05-30,2256.48
2,2026-05-30,2117.12
3,2026-02-05,2645.73
3,2026-01-24,3827.75
3,2026-01-29,933.64
3,2026-02-10,4001.98
3,2026-04-19,3062.76
3,2026-04-09,2031.77
3,2026-04-30,2739.75
3,2026-05-22,4331.74
3,2026-01-03,3465.36
3,2026-01-30,3472.21
3,2026-05-18,3804.21
3,2026-06-14,1832.84
4,2026-04-22,959.16
4,2026-01-01,4778.32
4,2026-03-09,4865.06
4,2026-02-15,2636.87
4,2026-01-28,4378.49
4,2026-03-18,4240.01
4,2026-05-10,3123.06
4,2026-02-09,1994.79
4,2026-02-11,2789.02
4,2026-05-16,4608.77
4,2026-06-03,1755.95
4,2026-01-05,736.97
4,2026-04-03,4417.87
4,2026-03-20,1349.37
5,2026-05-26,4745.36
5,2026-01-22,3713.16
5,2026-01-18,4894.33
5,2026-05-17,3876.01
5,2026-02-02,3366.8
5,2026-05-21,992.61
5,2026-05-16,4387.68
5,2026-04-19,4828.94
5,2026-05-19,3825.27
5,2026-06-26,1165.53
5,2026-03-21,2115.16
5,2026-06-21,3319.41
6,2026-05-13,2367.13
6,2026-03-05,1278.55
6,2026-03-28,300.96
6,2026-05-22,1304.55
6,2026-02-26,234.52
6,2026-06-11,482.59
6,2026-01-18,4546.02
6,2026-03-26,540.12
6,2026-03-02,1536.69
6,2026-05-05,1228.34
6,2026-02-03,3672.09
6,2026-05-27,2965.82
6,2026-03-04,3966.17
6,2026-04-15,1113.97
6,2026-01-25,3363.12
6,2026-04-01,2233.18
6,2026-04-30,4346.42
6,2026-01-14,3432.15
6,2026-06-15,672.41
7,2026-03-28,4042.84
7,2026-01-28,1393.55
7,2026-02-18,2774.17
7,2026-02-05,2225.03
7,2026-03-13,2420.61
7,2026-01-20,2327.03
7,2026-05-21,669.96
7,2026-06-16,4996.56
7,2026-01-04,4851.18
7,2026-03-02,998.29
7,2026-05-05,2510.52
7,2026-04-13,4531.73
7,2026-02-12,2019.07
7,2026-04-10,1472.97
7,2026-04-27,1569.2
7,2026-06-28,4795.12
7,2026-05-23,3376.98
8,2026-02-09,1111.51
8,2026-02-25,4849.8
8,2026-05-29,3731.54
8,2026-01-16,3790.28
8,2026-01-15,440.68
8,2026-05-03,2613.68
8,2026-05-16,955.68
8,2026-05-11,584.54
8,2026-02-17,528.9
8,2026-01-18,3441.02
8,2026-03-02,2138.12
8,2026-05-26,1381.83
8,2026-06-02,390.76
8,2026-01-21,2212.28
8,2026-05-30,2913.09
8,2026-03-22,4686.59
8,2026-02-22,3414.68
8,2026-03-22,1345.69
8,2026-04-12,828.22
8,2026-06-15,1639.99
9,2026-01-19,244.71
9,2026-06-09,4992.58
9,2026-01-26,551.65
9,2026-02-24,2628.25
9,2026-02-03,4679.65
9,2026-01-18,4420.5
9,2026-04-05,1567.94
9,2026-04-23,4201.98
9,2026-03-19,3136.05
9,2026-06-17,2738.92
9,2026-06-20,4122.1
9,2026-03-18,4672.43
9,2026-01-27,4706.86
9,2026-02-04,1469.44
9,2026-01-28,3763.6
10,2026-03-11,1552.43
10,2026-02-23,3644.54
10,2026-02-22,3499.99
10,2026-03-09,2625.96
10,2026-03-06,4545.62
10,2026-01-14,643.03
10,2026-04-19,4180.87
10,2026-01-12,217.02
10,2026-02-03,3258.14
11,2026-02-11,3757.91
11,2026-05-22,3587.2
11,2026-05-24,246.41
11,2026-01-20,4736.24
11,2026-06-26,4538.86
11,2026-05-20,372.94
11,2026-04-05,2996.05
11,2026-02-07,2262.98
11,2026-01-11,1679.64
11,2026-01-11,4514.84
11,2026-02-23,3473.92
11,2026-06-20,693.41
11,2026-05-24,4443.85
12,2026-06-08,3797.49
12,2026-03-02,4350.11
12,2026-02-15,4430.8
12,2026-01-07,1060.93
12,2026-03-27,3955.46
12,2026-04-16,4050.73
12,2026-03-05,1480.67
12,2026-06-29,718.86
12,2026-01-10,4321.25
12,2026-02-26,1157.95
12,2026-04-28,1878.36
12,2026-02-28,1270.03
12,2026-06-18,1127.02
12,2026-03-26,1537.29
12,2026-01-18,4841.07
12,2026-03-13,1885.5
12,2026-05-11,2118.46
12,2026-05-18,1789.52
13,2026-01-30,4409.78
13,2026-03-08,1057.13
13,2026-03-09,383.63
13,2026-06-02,2285.91
13,2026-03-22,2294.69
14,2026-01-30,2048.94
14,2026-05-28,1112.38
14,2026-01-12,3602.17
14,2026-01-01,2695.62
14,2026-05-18,3496.91
14,2026-06-21,1145.77
14,2026-04-21,535.87
14,2026-06-20,4619.7
14,2026-06-09,1706.8
14,2026-02-01,3654.82
14,2026-03-18,2634.19
14,2026-06-20,2160.29
14,2026-04-14,3546.6
14,2026-05-22,810.98
14,2026-04-18,3391.66
14,2026-04-08,3451.13
14,2026-02-14,3154.47
14,2026-03-19,2149.16
14,2026-01-01,1658.6
14,2026-02-23,2263.46
14,2026-05-29,3111.98
15,2026-04-30,2320.57
15,2026-06-22,1225.77
15,2026-05-02,4009.93
15,2026-02-13,3362.48
15,2026-03-14,2674.17
15,2026-06-12,3172.45
15,2026-01-24,4128.43
15,2026-03-02,3429.42
15,2026-02-27,4071.5
15,2026-02-07,317.24
15,2026-03-04,4922.89
15,2026-06-06,4278.74
15,2026-01-19,2386.0
15,2026-06-11,2963.22
15,2026-06-28,2043.1
16,2026-03-04,908.34
16,2026-06-26,226.62
16,2026-01-28,3936.42
16,2026-02-26,1044.26
16,2026-06-28,2686.2
16,2026-01-13,2875.55
16,2026-02-01,2391.02
16,2026-04-29,3404.37
16,2026-05-24,3058.17
16,2026-04-24,3140.73
16,2026-05-10,2248.36
16,2026-05-21,2340.39
16,2026-02-10,3769.55
16,2026-05-02,2360.33
16,2026-03-05,4231.34
16,2026-03-12,3875.91
16,2026-05-14,2526.07
17,2026-03-12,2311.39
17,2026-03-15,1325.57
17,2026-03-27,1734.61
17,2026-05-19,586.77
17,2026-02-08,1310.06
17,2026-06-27,933.47
17,2026-02-24,508.3
17,2026-04-15,1788.23
17,2026-04-30,2195.72
17,2026-02-22,4197.88
17,2026-04-10,4543.22
17,2026-05-30,4741.1
18,2026-05-28,2025.83
18,2026-01-02,4725.16
18,2026-03-18,3816.68
18,2026-04-18,2783.46
18,2026-05-20,4039.37
19,2026-05-05,1253.22
19,2026-04-22,2531.08
19,2026-04-10,1813.42
19,2026-06-23,4031.08
19,2026-02-12,4234.43
19,2026-02-02,4907.47
19,2026-05-17,329.44
19,2026-04-11,3041.09
19,2026-06-19,330.09
19,2026-06-14,2257.34
19,2026-04-29,1072.3
19,2026-03-08,2019.7
20,2026-04-27,1768.86
20,2026-04-08,1535.63
20,2026-04-18,1410.9
20,2026-01-21,2457.47
20,2026-05-19,450.01
20,2026-03-31,1276.27
20,2026-01-18,3949.92
20,2026-06-16,393.24
20,2026-01-08,4758.14
20,2026-02-21,4228.3
20,2026-06-09,931.44
21,2026-05-02,3413.4
21,2026-05-25,4749.23
21,2026-04-30,3557.43
21,2026-04-05,1005.39
21,2026-06-05,4825.93
21,2026-01-30,3933.4
21,2026-02-11,4830.66
21,2026-01-28,2977.69
21,2026-03-21,2963.82
22,2026-04-12,4719.06
22,2026-02-20,564.78
22,2026-06-26,4186.74
22,2026-03-04,689.13
22,2026-03-19,4281.41
22,2026-06-03,4066.53
22,2026-05-25,3956.65
22,2026-03-30,2757.18
22,2026-06-19,1978.74
22,2026-05-10,3308.21
22,2026-01-04,4277.96
22,2026-05-06,706.59
22,2026-04-03,3250.81
22,2026-04-28,3595.08
22,2026-04-22,1045.46
22,2026-05-14,4834.27
22,2026-03-11,3156.38
23,2026-05-04,2431.39
23,2026-06-01,1488.3
23,2026-03-04,4187.51
23,2026-01-23,1538.86
23,2026-04-26,1370.54
23,2026-04-29,2935.28
23,2026-06-21,2019.15
23,2026-01-08,2572.67
23,2026-03-25,1072.83
23,2026-02-24,1903.16
23,2026-03-08,1833.63
23,2026-06-02,3565.68
23,2026-03-12,2867.8
23,2026-05-13,4750.7
23,2026-01-22,1358.51
23,2026-04-15,2545.17
23,2026-03-03,3514.92
23,2026-06-15,3616.84
23,2026-04-25,4006.08
23,2026-01-24,1612.33
23,2026-04-14,3520.58
23,2026-03-20,3387.01
24,2026-05-02,2856.67
24,2026-03-30,2242.42
24,2026-05-21,1787.8
24,2026-06-29,2377.98
24,2026-03-20,1406.74
24,2026-01-31,3662.16
24,2026-03-22,773.86
24,2026-05-18,4764.21
24,2026-06-26,1088.72
24,2026-02-25,3745.3
24,2026-03-12,3678.01
24,2026-05-15,3064.6
24,2026-01-26,4196.62
24,2026-03-17,1291.92
24,2026-02-15,1650.88
24,2026-05-17,807.6
25,2026-01-14,2856.12
25,2026-06-28,4731.63
25,2026-06-13,4368.61
25,2026-05-06,692.42
25,2026-01-04,2955.51
25,2026-05-01,2497.83
26,2026-02-17,4834.39
26,2026-03-06,4717.11
26,2026-05-03,747.62
26,2026-01-17,2123.4
26,2026-01-19,2969.7
26,2026-06-25,457.32
26,2026-02-08,4093.48
26,2026-03-19,608.87
26,2026-03-05,768.57
26,2026-04-17,3110.32
26,2026-06-08,1283.3
26,2026-05-14,2025.81
26,2026-04-24,1627.3
26,2026-05-31,4952.15
26,2026-03-20,2929.42
27,2026-06-06,4808.52
27,2026-01-26,4748.43
27,2026-02-23,3202.47
27,2026-03-09,3370.06
27,2026-02-10,1351.35
27,2026-05-22,560.31
28,2026-04-15,2362.42
28,2026-06-02,2455.58
28,2026-01-09,1311.09
28,2026-03-14,3574.34
28,2026-04-27,541.66
29,2026-03-09,3981.57
29,2026-06-10,3030.99
29,2026-02-20,2240.67
29,2026-05-20,1279.09
29,2026-02-08,4560.37
29,2026-02-06,542.77
29,2026-02-12,4004.62
29,2026-06-02,3795.0
29,2026-05-26,4621.72
29,2026-04-23,796.9
29,2026-06-26,1659.64
29,2026-04-14,4724.85
30,2026-05-19,2570.22
30,2026-01-21,3070.58
30,2026-04-21,3725.76
30,2026-06-04,1401.77
30,2026-01-24,1298.84
30,2026-06-22,4212.6
30,2026-05-28,3018.19
30,2026-01-06,4997.95
30,2026-06-22,4142.82
30,2026-05-28,393.11
30,2026-02-14,2458.4
30,2026-06-16,2322.7
30,2026-03-13,1071.15
30,2026-05-30,2292.25
30,2026-05-06,4851.47
30,2026-05-01,1870.21
30,2026-03-27,1741.08
30,2026-01-27,4317.12
30,2026-03-26,2175.9
30,2026-05-07,1583.45
30,2026-04-13,4105.12
31,2026-01-10,2383.16
31,2026-03-22,1411.51
31,2026-01-30,4856.89
31,2026-04-14,4351.57
31,2026-01-01,3356.77
31,2026-05-19,2417.49
31,2026-01-14,1100.4
31,2026-04-03,3188.64
31,2026-05-08,3201.96
31,2026-01-14,1177.08
31,2026-05-21,828.86
31,2026-03-15,2302.96
31,2026-06-28,2526.62
31,2026-01-08,4871.1
31,2026-06-05,4036.71
31,2026-02-10,1691.6
31,2026-01-04,2850.81
31,2026-01-24,1278.56
31,2026-01-30,2414.95
31,2026-01-31,3309.01
31,2026-02-09,2592.2
31,2026-03-16,2642.59
32,2026-04-17,4206.67
32,2026-05-01,1369.91
32,2026-05-22,894.28
32,2026-02-18,4624.97
32,2026-05-11,3782.2
32,2026-02-04,4347.33
32,2026-03-12,3908.84
32,2026-04-17,1831.4
32,2026-05-10,1482.43
32,2026-01-01,1557.63
32,2026-03-18,4219.88
32,2026-05-29,4994.73
32,2026-05-06,4353.25
33,2026-05-18,2524.84
33,2026-03-27,2849.2
33,2026-05-20,2010.61
33,2026-03-24,4374.09
33,2026-06-28,1346.27
33,2026-04-09,1321.1
33,2026-04-16,409.51
33,2026-05-02,3585.09
33,2026-04-08,2053.18
33,2026-06-19,4003.49
33,2026-06-16,4907.93
33,2026-05-07,4831.16
33,2026-02-02,2611.0
33,2026-06-01,1793.57
33,2026-01-26,4396.11
33,2026-04-23,678.62
33,2026-04-27,273.67
33,2026-02-06,2167.9
33,2026-06-17,4855.79
34,2026-05-01,3951.32
34,2026-03-09,1825.09
34,2026-06-27,2107.92
34,2026-01-21,4288.47
34,2026-06-22,4324.84
34,2026-04-08,4779.87
34,2026-06-10,3649.84
35,2026-05-05,4387.44
35,2026-01-10,3163.81
35,2026-03-02,3229.57
35,2026-03-15,4987.64
35,2026-01-24,2283.06
35,2026-01-26,3849.77
35,2026-01-26,2329.66
35,2026-06-27,1637.44
35,2026-01-08,420.76
35,2026-01-15,1608.17
35,2026-04-06,2267.3
35,2026-03-04,2749.6
35,2026-05-25,3472.64
35,2026-02-16,1015.92
35,2026-01-21,3125.56
35,2026-04-08,3174.61
35,2026-03-03,2588.8
35,2026-05-30,886.97
35,2026-04-29,3261.94
35,2026-04-28,1425.57
35,2026-01-03,4514.76
35,2026-04-30,4525.81
35,2026-06-23,2823.67
35,2026-01-19,2320.3
35,2026-03-30,4940.73
35,2026-03-18,3266.91
35,2026-04-19,3513.5
35,2026-04-27,4257.46
35,2026-02-20,4996.99
36,2026-01-28,1338.59
36,2026-05-27,1923.0
36,2026-03-17,4964.92
36,2026-03-17,305.31
36,2026-06-18,2099.87
36,2026-01-03,2916.46
36,2026-06-25,3935.9
36,2026-01-13,4570.96
36,2026-05-08,4197.63
36,2026-03-15,3923.56
36,2026-02-28,3113.91
36,2026-04-01,1251.22
36,2026-02-18,3180.28
36,2026-06-23,3826.77
36,2026-06-18,3468.1
36,2026-02-05,3215.59
36,2026-06-10,3302.43
36,2026-03-21,3985.33
36,2026-01-09,2981.95
36,2026-02-03,632.64
37,2026-03-25,3787.91
37,2026-02-14,1163.82
37,2026-05-19,4407.01
37,2026-04-04,2748.09
37,2026-03-11,4186.27
37,2026-03-07,4587.43
37,2026-05-04,4843.44
37,2026-03-17,3783.48
37,2026-03-28,4060.32
37,2026-04-30,4821.89
37,2026-02-06,3819.93
37,2026-02-27,4328.67
37,2026-06-22,4903.72
37,2026-05-23,1955.72
38,2026-04-12,266.81
38,2026-05-18,793.23
38,2026-04-05,3429.58
38,2026-06-22,1458.37
38,2026-04-08,4147.6
38,2026-04-06,720.06
38,2026-03-01,2463.09
38,2026-06-08,4444.33
38,2026-05-24,1774.43
38,2026-06-06,1262.56
38,2026-01-17,3249.94
38,2026-04-29,4565.06
38,2026-03-19,3316.35
38,2026-01-30,870.93
38,2026-01-10,1660.95
38,2026-05-07,757.38
38,2026-03-02,4458.84
38,2026-02-04,2065.5
38,2026-04-05,3418.33
38,2026-06-28,4740.68
38,2026-04-18,3019.23
38,2026-02-09,4449.99
38,2026-06-17,675.3
38,2026-05-06,3155.13
38,2026-03-13,357.04
38,2026-04-05,1242.89
38,2026-04-24,4762.66
38,2026-04-03,676.9
38,2026-06-25,1963.21
38,2026-06-15,1921.63
39,2026-03-12,1111.08
39,2026-02-01,4755.25
39,2026-04-27,640.03
39,2026-02-24,3280.18
39,2026-06-02,4861.25
39,2026-01-13,3976.61
39,2026-03-04,4946.34
39,2026-05-25,1184.99
39,2026-05-22,1194.36
39,2026-02-25,4102.65
39,2026-03-01,1777.09
39,2026-02-07,3985.49
39,2026-06-02,213.61
39,2026-02-07,4940.13
39,2026-05-19,1403.14
39,2026-02-14,727.65
39,2026-01-07,832.66
40,2026-03-02,3026.49
40,2026-01-05,1036.38
40,2026-01-14,808.44
40,2026-04-18,2725.21
40,2026-01-17,2485.98
40,2026-04-03,2663.54
40,2026-01-28,2369.63
40,2026-02-26,4738.0
40,2026-01-12,3690.77
40,2026-06-18,2702.97
40,2026-04-28,3288.04
40,2026-01-08,491.96
40,2026-05-03,4267.03
40,2026-04-20,3493.27
40,2026-05-06,3619.53
40,2026-04-24,552.76
41,2026-03-24,3119.83
41,2026-01-17,805.72
41,2026-06-09,3238.77
41,2026-05-21,3618.33
41,2026-04-08,4974.21
41,2026-05-16,1615.51
41,2026-05-10,3106.05
42,2026-06-29,749.19
42,2026-06-17,3324.4
42,2026-05-22,3660.03
42,2026-02-25,2264.34
42,2026-02-28,2186.31
42,2026-04-27,2113.9
42,2026-01-25,1700.23
42,2026-03-22,3392.52
43,2026-02-09,3496.74
43,2026-05-02,522.24
43,2026-01-22,647.5
43,2026-01-25,3774.03
43,2026-04-06,4096.49
43,2026-05-23,487.91
43,2026-05-24,2896.08
43,2026-06-21,786.71
43,2026-04-01,4393.32
43,2026-04-19,4366.84
43,2026-01-14,4848.31
43,2026-06-03,1699.75
43,2026-01-27,2974.01
43,2026-02-24,942.7
43,2026-05-04,1276.38
43,2026-01-28,1880.55
44,2026-04-05,751.45
44,2026-03-13,2955.68
44,2026-04-20,4256.74
44,2026-06-09,3145.15
44,2026-06-14,2872.35
44,2026-06-05,4659.6
44,2026-06-27,1483.75
44,2026-02-16,1511.7
44,2026-03-21,4623.38
44,2026-03-31,229.31
44,2026-02-06,2918.34
44,2026-04-13,534.01
44,2026-06-12,4864.69
44,2026-01-24,3781.34
44,2026-02-25,2005.73
44,2026-04-27,1836.3
44,2026-04-05,1695.86
44,2026-03-25,3928.81
44,2026-05-26,3061.87
44,2026-01-14,946.78
44,2026-06-08,438.86
44,2026-01-21,1506.09
45,2026-04-19,2531.18
45,2026-04-24,2188.08
45,2026-02-25,3823.73
45,2026-01-30,1856.83
45,2026-01-29,1559.58
45,2026-06-23,3047.04
45,2026-05-15,3402.24
45,2026-01-12,1258.49
45,2026-06-03,462.95
45,2026-02-22,1646.81
45,2026-02-24,3883.28
45,2026-03-07,1589.35
45,2026-01-31,237.1
45,2026-04-21,1043.34
45,2026-04-08,2756.4
45,2026-02-28,2601.26
45,2026-06-21,4069.76
45,2026-01-19,2105.94
45,2026-01-11,2293.85
45,2026-04-28,4621.58
45,2026-03-22,2963.64
45,2026-05-27,2141.23
45,2026-06-13,2204.93
45,2026-01-30,2144.16
45,2026-03-25,1024.99
45,2026-06-08,2408.47
46,2026-04-03,623.02
46,2026-01-28,1367.92
46,2026-05-31,2122.16
46,2026-01-21,2099.68
46,2026-03-21,3779.86
46,2026-02-26,1798.73
46,2026-02-13,566.62
46,2026-06-12,747.33
46,2026-05-11,1130.74
46,2026-03-31,1885.28
46,2026-06-15,4112.18
46,2026-03-02,693.46
46,2026-03-07,1146.9
46,2026-06-04,933.77
46,2026-06-17,561.7
46,2026-06-10,2571.76
46,2026-05-25,3847.41
46,2026-04-25,3469.44
46,2026-05-25,3286.36
46,2026-06-09,1751.4
46,2026-06-10,1717.47
46,2026-04-23,527.77
46,2026-04-24,3230.65
46,2026-03-12,3038.81
46,2026-04-01,2635.22
46,2026-03-21,2416.36
46,2026-01-10,473.07
47,2026-01-20,3294.4
47,2026-01-24,3152.04
47,2026-05-10,2045.52
47,2026-05-29,2860.72
47,2026-01-11,2358.72
47,2026-05-27,3328.82
47,2026-03-24,3104.03
47,2026-05-09,924.13
47,2026-01-16,2362.51
47,2026-03-29,4915.45
47,2026-01-22,2621.84
47,2026-02-14,387.88
47,2026-04-23,4956.73
47,2026-05-15,2709.19
48,2026-04-04,1989.69
48,2026-03-14,2059.6
48,2026-03-28,3458.71
48,2026-01-14,3988.29
48,2026-06-15,1806.32
48,2026-03-26,653.63
48,2026-06-23,2055.51
48,2026-03-06,3673.92
48,2026-06-18,4829.17
48,2026-06-04,4391.74
49,2026-01-21,2997.15
49,2026-02-06,4600.38
49,2026-03-21,4844.94
49,2026-06-28,3378.25
49,2026-02-03,3056.2
49,2026-01-22,1685.99
49,2026-04-07,3288.77
49,2026-03-26,4103.29
49,2026-06-21,3573.59
49,2026-06-25,4579.75
49,2026-01-24,3300.92
49,2026-04-19,2640.74
49,2026-01-05,1940.47
49,2026-02-16,4765.61
49,2026-03-29,4748.81
50,2026-02-19,1287.41
50,2026-02-05,943.74
50,2026-03-17,4253.26
50,2026-01-26,2636.91
50,2026-05-19,4208.58
50,2026-05-15,381.19
50,2026-03-28,4406.69
50,2026-06-08,829.04
50,2026-04-07,940.41
50,2026-02-16,4190.46
50,2026-06-09,4083.41
50,2026-02-12,3661.68
50,2026-01-12,2172.12
50,2026-06-23,3654.01
50,2026-04-24,3130.86
50,2026-04-25,1323.21
50,2026-03-03,1685.45
50,2026-05-01,4539.08
50,2026-02-19,1965.64
50,2026-05-27,4925.31
51,2026-03-14,3935.0
51,2026-05-09,2731.81
51,2026-02-11,4121.08
51,2026-06-04,864.31
51,2026-03-06,450.46
51,2026-05-04,4395.76
51,2026-05-22,4684.61
51,2026-05-13,4285.6
51,2026-03-14,602.6
51,2026-02-11,1509.4
51,2026-05-12,907.27
51,2026-04-22,640.23
51,2026-02-26,4120.18
51,2026-03-31,4666.27
51,2026-04-17,455.63
51,2026-05-09,1995.02
51,2026-04-09,4973.72
51,2026-04-06,1277.79
51,2026-03-23,4667.96
52,2026-06-16,1809.39
52,2026-02-07,860.48
52,2026-03-15,4603.5
52,2026-05-01,3541.15
52,2026-02-05,3842.44
52,2026-05-01,2353.29
52,2026-01-02,4548.12
52,2026-01-05,1428.43
52,2026-02-08,2834.26
52,2026-06-05,2733.3
52,2026-01-29,3925.63
52,2026-03-02,1645.53
52,2026-01-13,1344.51
52,2026-06-13,4010.72
52,2026-04-28,501.47
52,2026-05-08,3064.35
52,2026-01-05,3233.38
52,2026-05-28,1361.3
52,2026-02-06,1598.11
52,2026-01-01,3151.09
52,2026-03-03,2939.19
52,2026-02-17,3388.98
52,2026-01-22,2712.73
52,2026-04-03,524.86
52,2026-05-15,2811.59
52,2026-05-10,2859.93
52,2026-04-10,4391.99
53,2026-06-12,2057.03
53,2026-04-06,1417.52
53,2026-01-05,1914.05
53,2026-01-18,1855.05
53,2026-06-18,3215.63
53,2026-05-29,3728.9
54,2026-02-04,412.81
54,2026-05-20,1825.03
54,2026-06-14,1040.43
54,2026-06-25,2430.19
54,2026-06-28,2496.95
54,2026-02-16,4095.19
54,2026-01-17,3637.02
54,2026-04-28,377.52
54,2026-02-21,410.27
54,2026-02-21,4451.79
54,2026-03-22,4680.18
54,2026-05-12,2111.48
54,2026-05-20,2472.32
54,2026-01-10,3815.8
54,2026-02-18,1573.33
55,2026-01-13,4355.83
55,2026-03-26,1511.44
55,2026-04-05,2297.37
55,2026-04-13,3767.88
55,2026-04-09,1827.38
55,2026-02-17,2581.78
55,2026-05-08,1963.27
55,2026-05-13,1480.26
55,2026-01-22,3689.99
55,2026-01-21,2266.91
55,2026-02-16,2818.28
55,2026-03-24,692.47
55,2026-03-25,3372.41
55,2026-03-20,2340.4
55,2026-04-20,999.89
55,2026-04-24,1887.43
55,2026-01-11,3688.71
55,2026-04-01,3151.29
55,2026-04-22,1517.87
55,2026-01-15,560.2
55,2026-06-13,2149.81
55,2026-05-12,4045.26
55,2026-06-23,967.94
55,2026-01-08,885.34
55,2026-06-05,3454.83
55,2026-04-23,367.04
55,2026-01-18,1332.78
55,2026-06-15,1958.38
55,2026-04-09,4757.44
56,2026-06-04,936.5
56,2026-04-26,4754.35
56,2026-04-06,2330.91
56,2026-01-20,2954.82
56,2026-05-16,1961.36
56,2026-03-22,3317.89
57,2026-01-30,324.38
57,2026-02-17,2595.41
57,2026-04-10,4585.0
57,2026-01-31,1456.53
57,2026-03-08,3579.38
57,2026-02-24,4982.55
57,2026-03-15,3531.11
57,2026-05-06,1160.86
57,2026-02-04,4293.57
57,2026-04-26,1028.75
57,2026-04-24,4986.86
57,2026-06-24,4844.29
58,2026-06-20,1867.64
58,2026-01-17,2839.99
58,2026-03-16,4478.39
58,2026-02-10,3616.68
58,2026-06-29,3260.96
58,2026-04-03,2642.03
58,2026-02-01,4928.64
58,2026-02-05,1336.33
58,2026-05-07,326.16
58,2026-05-22,2946.93
58,2026-04-30,4057.58
58,2026-05-22,822.9
58,2026-01-23,515.59
58,2026-04-12,4998.06
58,2026-05-03,2723.34
59,2026-04-15,4152.03
59,2026-01-19,801.57
59,2026-03-23,3283.23
59,2026-04-26,2436.0
59,2026-05-13,1853.67
59,2026-05-22,3271.01
59,2026-02-16,3885.35
59,2026-02-03,2276.57
59,2026-01-15,4190.68
59,2026-05-13,934.47
59,2026-02-12,977.44
59,2026-02-27,1860.91
59,2026-05-13,4495.64
59,2026-01-21,1402.91
59,2026-06-12,4790.49
59,2026-03-12,800.82
59,2026-03-19,3149.26
59,2026-01-24,2612.35
59,2026-02-13,3040.68
59,2026-05-29,940.13
59,2026-06-18,3197.5
59,2026-06-04,1820.57
59,2026-05-25,397.73
59,2026-01-08,589.87
59,2026-06-14,3900.91
59,2026-03-09,3325.42
59,2026-05-27,2199.62
59,2026-06-13,345.37
59,2026-06-10,2818.77
60,2026-03-19,2518.14
60,2026-06-25,2149.24
60,2026-04-27,550.27
60,2026-01-16,958.79
60,2026-04-17,2524.41
60,2026-02-22,1832.92
60,2026-02-06,1700.4
60,2026-03-23,3724.16
60,2026-03-30,4881.8
60,2026-02-03,3851.19
60,2026-05-12,2895.93
60,2026-03-23,1360.34
60,2026-02-01,1483.86
60,2026-03-05,876.21
60,2026-01-13,1593.02
60,2026-04-09,4347.99
60,2026-04-18,1391.7
60,2026-02-10,4104.69
60,2026-05-28,3661.42
60,2026-02-18,3862.98
60,2026-05-08,4980.65
60,2026-04-30,2594.05
60,2026-03-20,2587.38
60,2026-01-24,4737.12
60,2026-05-10,2394.71
61,2026-02-25,3000.05
61,2026-01-13,442.59
61,2026-05-07,3068.09
61,2026-06-17,3428.1
61,2026-03-15,2776.12
61,2026-01-28,2268.45
61,2026-03-09,3692.04
61,2026-04-14,1956.5
61,2026-04-13,445.56
61,2026-05-24,1134.35
61,2026-05-22,1585.29
61,2026-04-09,2620.43
62,2026-05-21,1542.66
62,2026-06-09,3465.91
62,2026-01-31,817.58
62,2026-01-25,2090.74
62,2026-03-28,2877.59
62,2026-04-04,3823.83
62,2026-02-20,3091.82
62,2026-04-13,2600.37
62,2026-01-12,386.79
62,2026-03-27,4059.04
62,2026-05-13,2393.55
62,2026-06-05,4487.03
62,2026-02-05,1774.24
62,2026-06-06,1728.94
62,2026-04-11,4954.96
62,2026-03-18,3049.88
62,2026-05-10,4175.79
62,2026-05-17,2551.26
62,2026-05-25,1638.99
62,2026-01-05,1968.12
62,2026-06-22,726.1
62,2026-04-17,3001.77
62,2026-06-26,3220.45
62,2026-06-02,2478.03
62,2026-06-17,3957.94
62,2026-05-29,2972.65
62,2026-01-14,3000.91
62,2026-02-13,2716.32
62,2026-06-08,3918.11
63,2026-02-07,4143.97
63,2026-03-04,351.54
63,2026-06-29,727.5
63,2026-01-05,2316.99
63,2026-04-18,926.87
63,2026-06-26,1178.68
63,2026-05-09,3919.87
63,2026-05-01,4389.53
63,2026-01-16,3587.72
63,2026-05-13,1195.24
63,2026-03-25,4990.99
63,2026-05-03,2722.29
63,2026-03-22,4792.09
63,2026-04-28,4578.2
63,2026-03-29,2822.11
63,2026-06-23,3905.55
63,2026-06-24,3287.88
64,2026-03-09,3128.37
64,2026-02-19,4795.22
64,2026-03-13,2878.82
64,2026-02-27,4719.13
64,2026-03-18,3901.64
64,2026-02-23,3513.15
64,2026-05-06,1721.8
64,2026-03-31,2890.34
64,2026-03-12,1581.39
64,2026-05-27,3447.79
64,2026-04-08,4499.65
64,2026-04-12,4128.21
64,2026-02-07,1594.17
64,2026-03-15,4785.51
64,2026-01-21,1862.54
64,2026-04-24,3348.67
64,2026-05-03,1227.14
64,2026-05-18,1501.44
64,2026-05-24,3541.62
64,2026-02-05,724.29
64,2026-05-31,1348.55
64,2026-01-13,3415.2
64,2026-05-16,1283.22
64,2026-03-01,451.96
64,2026-04-16,1785.41
64,2026-05-01,682.62
64,2026-02-05,224.87
65,2026-02-10,2153.16
65,2026-05-02,2491.75
65,2026-02-21,3828.37
65,2026-03-15,1741.6
65,2026-06-15,483.98
65,2026-01-23,3331.03
65,2026-03-01,2768.73
65,2026-01-10,4583.5
65,2026-02-14,2205.85
65,2026-02-15,4682.83
65,2026-01-10,4986.42
65,2026-04-12,3982.21
65,2026-02-17,4695.72
65,2026-03-16,4408.37
65,2026-01-03,1632.28
65,2026-06-04,715.04
65,2026-03-27,1565.9
65,2026-06-14,2807.84
65,2026-05-07,4468.45
65,2026-02-04,4285.09
65,2026-04-30,1509.62
65,2026-01-29,1787.28
66,2026-04-28,3311.77
66,2026-02-17,267.6
66,2026-03-28,3995.68
66,2026-05-26,3437.13
66,2026-02-19,1042.38
66,2026-06-13,4505.81
66,2026-04-20,2673.35
66,2026-01-23,2124.0
66,2026-01-25,1086.95
66,2026-02-05,2491.78
66,2026-03-05,232.78
66,2026-04-09,1330.5
66,2026-03-10,4779.37
66,2026-03-19,2995.81
66,2026-05-27,254.89
66,2026-06-17,1925.85
66,2026-03-02,498.2
66,2026-01-31,2433.9
66,2026-02-10,2146.0
66,2026-05-09,4630.91
66,2026-03-21,3513.39
66,2026-06-13,4597.43
66,2026-03-17,1964.21
66,2026-02-26,1251.82
66,2026-02-04,2495.27
66,2026-04-27,3789.13
66,2026-06-05,1993.4
66,2026-06-29,2836.33
67,2026-05-18,4049.58
67,2026-02-25,3856.93
67,2026-06-24,3822.75
67,2026-01-21,2722.43
67,2026-05-16,3578.08
67,2026-01-20,4602.77
67,2026-01-29,496.44
67,2026-05-21,4533.86
67,2026-02-21,2948.97
67,2026-02-08,989.78
67,2026-05-14,2320.83
67,2026-06-24,1185.93
67,2026-05-30,2546.37
67,2026-05-11,2338.32
67,2026-01-15,2376.48
67,2026-05-12,2194.04
67,2026-05-25,477.14
67,2026-04-29,3429.29
67,2026-03-20,3671.74
67,2026-04-12,1421.39
68,2026-02-25,2975.89
68,2026-01-12,2233.75
68,2026-06-29,506.05
68,2026-01-16,4686.0
68,2026-01-18,4933.46
69,2026-01-09,1578.04
69,2026-02-16,3891.07
69,2026-06-14,4896.0
69,2026-06-15,4826.16
69,2026-04-06,4965.71
69,2026-04-08,2352.98
69,2026-04-07,2003.1
69,2026-06-24,4827.89
69,2026-05-19,838.35
69,2026-03-31,769.44
69,2026-05-18,2086.68
69,2026-02-02,3693.72
69,2026-02-27,4207.14
69,2026-01-06,4896.76
69,2026-04-29,3432.8
69,2026-05-20,2235.81
69,2026-04-08,4152.13
69,2026-03-05,2411.0
69,2026-02-09,1523.12
69,2026-01-29,354.64
70,2026-04-18,3151.63
70,2026-01-05,1355.2
70,2026-01-18,684.3
70,2026-01-09,2342.92
70,2026-06-22,3575.77
70,2026-01-13,1374.72
70,2026-01-12,2130.87
70,2026-03-01,2790.85
70,2026-01-15,872.65
70,2026-03-16,1323.98
70,2026-05-28,1730.74
70,2026-06-03,3908.18
70,2026-03-24,1337.14
70,2026-02-06,4931.34
70,2026-05-14,1261.01
70,2026-03-18,1520.74
70,2026-05-23,4752.9
70,2026-02-14,3204.77
70,2026-04-20,2868.08
70,2026-01-13,4866.99
70,2026-06-14,3422.44
70,2026-05-15,1729.93
70,2026-04-17,2159.64
70,2026-03-18,2007.01
70,2026-05-18,2472.89
70,2026-02-27,1643.53
71,2026-02-06,4067.73
71,2026-01-15,2899.45
71,2026-04-17,2874.98
71,2026-02-04,2064.41
71,2026-03-07,1176.02
71,2026-06-15,579.54
71,2026-04-26,4266.24
71,2026-01-24,2771.05
71,2026-02-18,447.38
71,2026-04-07,3433.63
71,2026-06-04,389.83
71,2026-01-19,1103.18
71,2026-05-31,3676.67
71,2026-05-24,1241.68
71,2026-02-23,4373.47
71,2026-03-27,1655.3
71,2026-01-04,1216.68
71,2026-02-18,4817.97
71,2026-01-31,3785.02
71,2026-05-03,4589.32
71,2026-06-28,3101.13
71,2026-02-22,2103.83
71,2026-03-03,2849.98
71,2026-03-14,2027.18
71,2026-05-17,3313.86
71,2026-03-20,1455.5
71,2026-05-12,4437.5
72,2026-01-26,4053.52
72,2026-05-01,3855.82
72,2026-03-23,4588.79
72,2026-04-05,1702.03
72,2026-01-12,2900.12
72,2026-02-26,3758.01
72,2026-01-05,1451.72
72,2026-05-30,2979.89
72,2026-04-17,1616.92
72,2026-02-20,1783.35
72,2026-04-08,2934.99
72,2026-03-04,2596.65
72,2026-06-17,4728.63
72,2026-03-28,1435.17
72,2026-05-06,4839.24
72,2026-06-14,3750.05
72,2026-04-28,1007.52
72,2026-04-01,1012.48
72,2026-05-20,2543.92
73,2026-06-14,4794.74
73,2026-05-15,362.35
73,2026-01-20,4736.9
73,2026-06-21,432.87
73,2026-01-02,2179.48
73,2026-06-11,1310.88
73,2026-02-08,243.88
73,2026-05-10,2388.85
73,2026-01-16,3165.61
73,2026-06-20,4682.74
73,2026-05-04,3364.56
73,2026-01-05,231.74
73,2026-05-22,2174.42
73,2026-01-05,2741.2
73,2026-03-12,2771.54
73,2026-03-15,282.28
73,2026-06-28,3435.36
73,2026-02-15,713.68
73,2026-01-25,2717.05
73,2026-03-03,1121.27
73,2026-05-15,1411.61
73,2026-04-01,1483.16
74,2026-01-21,1990.65
74,2026-04-14,2403.19
74,2026-03-04,4953.12
74,2026-02-27,1639.88
74,2026-01-21,3337.93
74,2026-06-16,3846.01
74,2026-01-24,2145.34
74,2026-04-07,2852.97
74,2026-01-15,3256.39
74,2026-06-29,1022.64
74,2026-05-08,4257.58
74,2026-06-15,3965.01
74,2026-05-25,4891.18
74,2026-01-25,4495.0
74,2026-01-11,1302.88
74,2026-06-27,4460.26
74,2026-05-02,1501.26
75,2026-06-25,4642.81
75,2026-05-20,2904.85
75,2026-01-09,1060.9
75,2026-03-22,275.16
75,2026-02-23,3017.77
75,2026-04-12,4658.6
75,2026-03-18,979.76
76,2026-05-26,4206.32
76,2026-04-10,3449.77
76,2026-05-19,1792.3
76,2026-02-05,3994.39
76,2026-06-26,3675.99
76,2026-05-09,3778.19
76,2026-03-30,457.74
76,2026-04-22,1314.29
76,2026-01-20,1834.85
76,2026-06-07,4783.32
76,2026-04-12,4850.82
76,2026-03-25,342.2
77,2026-04-26,2554.9
77,2026-04-02,2854.58
77,2026-04-07,2272.87
77,2026-06-24,3012.2
77,2026-04-08,611.33
77,2026-06-08,1617.82
77,2026-03-05,3622.92
77,2026-01-22,1486.27
77,2026-04-08,3616.05
77,2026-06-12,940.53
77,2026-04-10,1720.06
77,2026-01-28,639.3
77,2026-03-20,2334.73
78,2026-03-11,690.71
78,2026-01-23,1099.48
78,2026-04-25,2873.53
78,2026-05-12,2158.61
78,2026-01-07,630.17
78,2026-05-22,646.71
78,2026-06-03,3965.31
78,2026-04-09,259.23
78,2026-04-16,2061.44
78,2026-01-22,3679.25
78,2026-05-24,4545.0
78,2026-03-04,2945.41
78,2026-02-13,3489.52
78,2026-02-13,866.43
78,2026-03-19,1488.35
78,2026-02-07,503.68
78,2026-04-22,1524.62
78,2026-03-18,2524.31
78,2026-01-20,1933.4
78,2026-03-05,3660.32
78,2026-05-07,3050.27
78,2026-02-20,2397.74
78,2026-02-04,1662.36
78,2026-04-12,1794.64
78,2026-06-08,2023.47
78,2026-03-26,2313.07
78,2026-04-21,4114.28
78,2026-06-16,4876.28
78,2026-02-04,1642.09
79,2026-06-27,1164.09
79,2026-03-22,1052.66
79,2026-04-12,4849.88
79,2026-03-16,3727.4
79,2026-06-12,2556.84
79,2026-05-28,3953.48
79,2026-03-25,2005.07
79,2026-04-11,1952.07
79,2026-05-25,1159.04
79,2026-05-20,1063.65
79,2026-05-21,329.2
79,2026-04-29,4726.28
79,2026-02-23,2304.58
79,2026-03-16,4190.15
79,2026-01-18,4131.03
79,2026-04-15,3430.29
79,2026-02-05,3240.01
79,2026-03-03,1412.87
79,2026-02-09,3633.13
79,2026-04-07,555.03
79,2026-06-03,2500.33
79,2026-04-13,2764.96
79,2026-06-27,2207.84
79,2026-01-10,3995.46
80,2026-06-29,4498.41
80,2026-05-18,3050.34
80,2026-01-22,724.97
80,2026-03-05,3356.49
80,2026-04-01,998.42
80,2026-06-06,412.62
80,2026-06-15,3451.87
80,2026-04-13,4840.69
80,2026-03-26,4835.44
80,2026-04-21,708.53
80,2026-01-26,1441.94
80,2026-05-11,3784.89
80,2026-05-23,2986.49
80,2026-05-28,1260.95
80,2026-04-06,2077.44
80,2026-06-23,3025.23
81,2026-02-08,1855.84
81,2026-01-07,2517.3
81,2026-03-17,2196.68
81,2026-01-22,757.13
81,2026-02-06,1871.98
81,2026-03-29,2385.6
81,2026-02-22,2701.35
81,2026-03-31,2485.58
81,2026-04-23,3665.57
81,2026-04-26,1730.77
81,2026-03-18,414.48
81,2026-01-30,308.41
81,2026-03-29,3310.26
81,2026-06-23,4040.24
81,2026-03-04,2676.77
81,2026-05-22,968.65
81,2026-05-24,2246.57
81,2026-04-29,1312.91
81,2026-04-14,3222.85
81,2026-02-17,3274.3
81,2026-04-21,2098.8
82,2026-06-07,4438.87
82,2026-04-26,3042.58
82,2026-04-10,221.36
82,2026-02-24,1187.77
82,2026-01-17,2971.27
82,2026-05-18,1097.41
82,2026-03-25,1145.96
82,2026-01-30,1459.3
82,2026-05-06,2733.03
82,2026-06-13,1704.34
82,2026-04-10,3134.28
82,2026-05-31,748.31
82,2026-04-01,4258.49
82,2026-06-08,1028.13
82,2026-06-22,3588.74
82,2026-03-18,4609.68
82,2026-06-01,606.81
82,2026-02-04,1703.29
82,2026-03-03,1665.82
82,2026-02-16,1991.87
82,2026-02-06,2651.96
82,2026-04-18,3062.84
82,2026-05-28,2041.81
82,2026-02-17,2536.02
82,2026-05-18,3528.48
82,2026-06-15,4667.34
82,2026-02-14,2863.58
82,2026-05-06,1586.41
83,2026-03-22,4241.53
83,2026-06-08,457.33
83,2026-04-02,4768.84
83,2026-05-05,855.37
83,2026-04-09,4826.38
83,2026-05-10,3334.73
83,2026-04-15,3486.54
83,2026-04-17,3608.68
83,2026-04-24,2545.76
83,2026-01-22,2913.91
84,2026-02-26,1602.03
84,2026-03-12,1279.25
84,2026-03-15,1007.4
84,2026-04-28,2915.12
84,2026-05-07,2838.69
84,2026-01-29,2949.03
84,2026-03-10,3920.54
84,2026-04-04,2801.81
84,2026-01-11,3848.02
84,2026-04-23,2822.5
84,2026-04-19,691.6
84,2026-06-17,3806.46
84,2026-03-18,4399.09
84,2026-01-09,2358.72
84,2026-03-31,4338.56
84,2026-01-23,2307.54
84,2026-01-31,3923.03
84,2026-03-02,1207.42
84,2026-05-31,3507.84
84,2026-06-06,3237.3
84,2026-02-12,3157.53
84,2026-02-22,4104.94
84,2026-01-16,2936.36
84,2026-05-17,1549.21
84,2026-05-18,1008.21
84,2026-03-16,1588.8
84,2026-03-10,4771.51
84,2026-05-12,4930.34
84,2026-06-23,4112.87
84,2026-02-04,4821.31
85,2026-04-16,4610.09
85,2026-03-12,4361.83
85,2026-02-02,3566.85
85,2026-02-03,1398.45
85,2026-03-24,4176.71
85,2026-06-23,2084.96
85,2026-02-06,2971.64
85,2026-03-10,3213.5
85,2026-04-07,2369.56
85,2026-06-12,4014.07
85,2026-01-24,2133.68
85,2026-03-13,3534.58
85,2026-04-05,2382.54
85,2026-05-05,1770.99
85,2026-01-01,4370.76
85,2026-01-24,3708.47
85,2026-04-28,3247.23
85,2026-06-28,1919.47
85,2026-01-17,4019.25
85,2026-04-12,1245.58
85,2026-04-20,4159.27
85,2026-05-07,1488.98
85,2026-03-14,1821.22
85,2026-05-28,826.85
85,2026-05-05,3983.86
85,2026-06-24,3858.82
85,2026-01-12,677.96
85,2026-04-28,278.15
85,2026-02-10,2318.17
85,2026-01-01,4960.82
86,2026-02-21,4979.33
86,2026-02-03,4434.31
86,2026-03-19,963.09
86,2026-03-12,648.03
86,2026-04-03,1401.87
86,2026-04-06,3389.64
86,2026-06-16,994.52
86,2026-04-12,3202.9
86,2026-06-29,3825.11
86,2026-04-20,3346.33
86,2026-01-25,205.21
86,2026-05-03,574.11
86,2026-06-01,1285.72
86,2026-06-24,2336.32
86,2026-01-03,3538.87
86,2026-01-31,4943.14
86,2026-04-19,3531.35
86,2026-05-03,539.98
87,2026-01-23,3707.66
87,2026-01-27,695.37
87,2026-04-05,4428.75
87,2026-02-05,2037.06
87,2026-02-04,3279.57
87,2026-06-23,885.69
87,2026-05-16,2903.8
87,2026-06-06,3320.1
87,2026-04-23,1885.7
87,2026-02-24,3214.78
87,2026-02-08,4615.49
87,2026-06-07,3495.52
87,2026-02-25,616.1
87,2026-01-26,872.06
87,2026-02-01,3029.95
87,2026-04-09,1887.37
87,2026-04-20,1709.62
88,2026-03-05,1529.44
88,2026-01-22,1391.2
88,2026-06-03,3080.04
88,2026-06-05,1567.62
88,2026-06-26,328.76
88,2026-06-18,4403.97
88,2026-02-22,2685.2
88,2026-05-11,1105.5
88,2026-04-11,1618.6
89,2026-03-03,2575.46
89,2026-01-29,1357.19
89,2026-06-13,3050.86
89,2026-05-16,4465.88
89,2026-01-04,4937.04
89,2026-03-23,833.52
90,2026-04-18,1953.98
90,2026-06-24,1029.3
90,2026-05-01,4781.37
90,2026-01-19,280.11
90,2026-01-18,266.21
90,2026-02-25,391.17
90,2026-01-16,4753.66
90,2026-04-12,2631.73
90,2026-06-10,3620.62
90,2026-04-17,2233.16
90,2026-04-13,595.65
90,2026-05-18,2780.75
90,2026-02-09,1531.85
90,2026-03-21,579.3
90,2026-02-22,4876.7
90,2026-02-09,2774.67
90,2026-04-11,3014.9
90,2026-06-16,3469.07
90,2026-01-17,1688.81
90,2026-04-22,3703.8
90,2026-03-03,477.95
90,2026-01-23,4638.21
90,2026-01-30,2376.18
91,2026-01-15,1684.59
91,2026-06-18,3755.16
91,2026-01-31,260.79
91,2026-02-05,3567.2
91,2026-02-11,2582.78
91,2026-03-30,2710.43
91,2026-03-08,1001.42
91,2026-02-02,3798.93
91,2026-03-10,3718.09
91,2026-01-31,3902.87
91,2026-01-08,1808.05
91,2026-04-20,1505.51
91,2026-01-17,1462.16
91,2026-05-28,3212.16
91,2026-05-08,2384.95
91,2026-04-03,466.11
91,2026-05-26,1001.03
91,2026-02-10,1424.56
91,2026-01-27,4492.49
91,2026-06-22,3669.34
91,2026-02-28,3755.74
91,2026-01-01,411.38
91,2026-01-04,1373.85
91,2026-05-01,1947.09
92,2026-02-15,4669.57
92,2026-01-10,2853.75
92,2026-06-17,2212.97
92,2026-03-24,1391.66
92,2026-03-23,1502.04
92,2026-01-20,2943.37
92,2026-01-31,2609.8
92,2026-01-14,1060.85
92,2026-05-13,4910.79
93,2026-01-18,4409.56
93,2026-03-14,3912.93
93,2026-03-21,1771.04
93,2026-05-22,2392.38
93,2026-04-05,1163.22
93,2026-05-25,3965.63
93,2026-06-09,1364.4
93,2026-04-05,3040.12
93,2026-05-07,4989.38
93,2026-02-20,3715.82
93,2026-05-20,3850.31
93,2026-03-04,922.72
93,2026-04-15,314.77
93,2026-05-19,1862.83
93,2026-06-27,4410.55
93,2026-03-27,207.02
93,2026-06-18,2006.12
94,2026-03-20,698.96
94,2026-05-16,4918.96
94,2026-04-18,2561.74
94,2026-01-16,4868.28
94,2026-02-06,3615.93
94,2026-01-24,410.72
94,2026-03-01,4506.98
94,2026-05-14,2182.67
94,2026-04-06,2400.6
94,2026-01-22,2987.7
94,2026-05-10,840.87
94,2026-04-11,559.19
94,2026-05-26,498.96
94,2026-06-19,4828.25
94,2026-03-02,1600.04
94,2026-03-22,4645.0
94,2026-04-11,3563.48
94,2026-03-25,1726.68
94,2026-03-11,1321.33
94,2026-02-21,853.34
94,2026-05-30,723.07
94,2026-01-28,989.0
94,2026-04-30,1707.36
94,2026-01-31,2772.44
94,2026-02-23,2369.2
94,2026-04-29,1472.04
94,2026-01-31,634.02
94,2026-06-25,1660.23
95,2026-06-28,3095.85
95,2026-02-25,4212.44
95,2026-03-25,911.95
95,2026-03-05,4848.32
95,2026-04-12,2664.61
95,2026-06-23,1634.44
95,2026-02-14,349.19
95,2026-04-14,4302.09
95,2026-05-23,3790.78
95,2026-03-05,654.68
95,2026-01-27,4058.7
95,2026-02-05,782.98
95,2026-01-16,4185.79
95,2026-02-26,827.43
95,2026-04-13,1986.75
95,2026-06-11,4700.36
95,2026-01-22,2995.15
95,2026-03-08,4603.66
95,2026-01-20,304.64
95,2026-01-17,1149.2
95,2026-06-15,2328.47
95,2026-02-02,641.5
95,2026-03-26,788.13
95,2026-04-29,443.06
95,2026-05-27,2279.15
95,2026-04-12,2581.41
95,2026-04-08,3479.42
96,2026-04-01,1230.64
96,2026-02-17,1519.91
96,2026-04-25,4440.43
96,2026-01-09,3147.71
96,2026-06-07,1379.77
96,2026-03-17,2594.68
96,2026-05-21,2499.35
96,2026-01-23,1542.92
96,2026-02-05,2212.33
96,2026-06-14,4446.33
97,2026-03-05,3227.62
97,2026-05-20,4015.26
97,2026-04-08,3953.2
97,2026-04-02,2502.49
97,2026-05-05,1851.36
97,2026-05-25,2611.49
97,2026-04-10,1498.09
97,2026-01-07,1730.61
97,2026-02-26,340.66
97,2026-03-13,481.24
97,2026-05-01,2741.28
97,2026-05-30,4998.11
97,2026-02-10,680.64
97,2026-06-18,1357.53
97,2026-05-17,4118.17
97,2026-01-15,3867.44
97,2026-02-26,2963.32
97,2026-04-10,1903.06
97,2026-02-14,1045.28
97,2026-06-01,1726.42
97,2026-06-28,1922.16
98,2026-01-08,3576.57
98,2026-04-01,4748.28
98,2026-05-25,882.09
98,2026-02-18,4216.14
98,2026-05-07,2802.2
98,2026-02-14,2554.09
98,2026-01-24,469.61
98,2026-06-04,1250.28
98,2026-05-15,2494.35
98,2026-03-26,4605.9
98,2026-02-21,4070.94
98,2026-03-29,3641.3
98,2026-03-24,485.87
98,2026-02-07,3015.72
98,2026-02-06,3916.96
98,2026-05-15,4331.21
98,2026-01-19,1993.24
98,2026-06-19,2098.86
98,2026-01-26,1815.49
98,2026-03-24,854.97
98,2026-02-10,3715.29
98,2026-04-22,4000.84
98,2026-05-05,3316.07
99,2026-05-24,3529.09
99,2026-06-07,3977.56
99,2026-02-27,3394.55
99,2026-02-14,2016.24
99,2026-06-26,1613.68
99,2026-02-15,3698.39
99,2026-06-29,4753.75
99,2026-04-11,4283.63
99,2026-05-26,355.44
99,2026-06-04,1727.44
100,2026-06-06,1260.3
100,2026-05-25,699.73
100,2026-05-08,875.09
100,2026-01-20,1342.38
100,2026-03-23,1005.86
100,2026-01-23,4143.98
100,2026-06-21,3267.69
100,2026-03-27,2343.82
100,2026-03-09,1206.48
100,2026-06-27,525.41
100,2026-03-07,3977.7
100,2026-01-01,431.11
100,2026-04-23,3716.41
100,2026-02-12,4445.85
100,2026-05-07,4432.5
100,2026-03-31,2820.92
100,2026-01-26,4178.27
100,2026-05-28,3324.65
100,2026-06-25,1282.8
100,2026-04-26,553.81
100,2026-01-09,1615.56
100,2026-03-23,1453.41
100,2026-01-27,556.16
100,2026-02-13,4462.07
100,2026-02-11,3713.53
100,2026-05-21,4720.8
100,2026-01-24,1822.16
100,2026-06-07,4487.49
100,2026-01-08,2270.35
100,2026-06-17,991.99
